{"filesize_bytes":220537,"sha1":"16c43cf841b29b446164ebceaa8de12f5e335348","metadata":{"gps":[[-1.2484944444444446,35.00685555555555]],"misc":{"exif:DigitalZoomRatio":["816/163"],"exif:thumbnail:XResolution":["72/1"],"exif:GPSAltitude":["134867/84"],"exif:thumbnail:Orientation":["1"],"exif:GPSDateStamp":["2015:01:12"],"exif:GPSDestBearingRef":["T"],"exif:Software":["PlayMemories Home"],"exif:SubjectArea":["1627, 1216, 1797, 1076"],"exif:GPSSpeedRef":["K"],"exif:GPSTimeStamp":["13/1, 7/1, 3206/100"],"exif:GPSSpeed":["0/1"],"exif:thumbnail:InteroperabilityIndex":["R98"],"unknown":["83/20, 83/20, 11/5, 11/5"],"exif:MakerNote":["65, 112, 112, 108, 101, 32, 105, 79, 83, 0, 0, 1, 77, 77, 0, 14, 0, 1, 0, 9, 0, 0, 0, 1, 0, 0, 0, 2, 0, 2, 0, 7, 0, 0, 2, 46, 0, 0, 0, 188, 0, 3, 0, 7, 0, 0, 0, 104, 0, 0, 2, 234, 0, 4, 0, 9, 0, 0, 0, 1, 0, 0, 0, 1, 0, 5, 0, 9, 0, 0, 0, 1, 0, 0, 0, 128, 0, 6, 0, 9, 0, 0, 0, 1, 0, 0, 0, 126, 0, 7, 0, 9, 0, 0, 0, 1, 0, 0, 0, 1, 0, 8, 0, 10, 0, 0, 0, 3, 0, 0, 3, 82, 0, 10, 0, 9, 0, 0, 0, 1, 0, 0, 0, 4, 0, 12, 0, 10, 0, 0, 0, 2, 0, 0, 3, 106, 0, 13, 0, 9, 0, 0, 0, 1, 0, 0, 0, 0, 0, 14, 0, 9, 0, 0, 0, 1, 0, 0, 0, 0, 0, 15, 0, 9, 0, 0, 0, 1, 0, 0, 0, 3, 0, 16, 0, 9, 0, 0, 0, 1, 0, 0, 0, 1, 0, 0, 0, 0, 98, 112, 108, 105, 115, 116, 48, 48, 79, 17, 2, 0, 200, 0, 215, 0, 209, 1, 82, 1, 146, 0, 205, 0, 222, 0, 165, 0, 138, 0, 135, 0, 129, 0, 143, 0, 181, 0, 160, 0, 206, 0, 133, 0, 125, 0, 173, 0, 218, 0, 203, 0, 115, 0, 145, 0, 222, 0, 139, 0, 117, 0, 109, 0, 102, 0, 107, 0, 132, 0, 198, 0, 202, 0, 168, 0, 119, 0, 167, 0, 42, 1, 170, 0, 129, 0, 137, 0, 164, 0, 100, 0, 92, 0, 84, 0, 90, 0, 103, 0, 103, 0, 116, 0, 4, 1, 34, 1, 122, 0, 185, 0, 162, 0, 111, 0, 145, 0, 149, 0, 176, 0, 82, 0, 86, 0, 81, 0, 90, 0, 100, 0, 121, 0, 146, 0, 121, 1, 58, 1, 117, 0, 179, 0, 182, 0, 114, 0, 206, 0, 48, 2, 160, 0, 136, 0, 93, 0, 73, 0, 75, 0, 128, 0, 182, 0, 153, 0, 162, 0, 107, 0, 114, 0, 131, 0, 135, 0, 116, 0, 151, 0, 192, 0, 154, 0, 146, 0, 102, 0, 87, 0, 72, 0, 127, 0, 132, 0, 129, 0, 115, 0, 96, 0, 166, 0, 143, 0, 155, 0, 161, 0, 197, 0, 144, 0, 135, 0, 165, 0, 137, 0, 154, 0, 153, 0, 122, 0, 110, 0, 105, 0, 74, 0, 82, 0, 221, 0, 183, 0, 158, 0, 153, 0, 135, 0, 121, 0, 104, 0, 129, 0, 104, 0, 101, 0, 109, 0, 74, 0, 66, 0, 78, 0, 61, 0, 53, 0, 191, 0, 156, 0, 123, 0, 122, 0, 125, 0, 104, 0, 102, 0, 91, 0, 78, 0, 98, 0, 80, 0, 65, 0, 82, 0, 87, 0, 78, 0, 54, 0, 194, 0, 183, 0, 148, 0, 143, 0, 162, 0, 134, 0, 150, 0, 113, 0, 124, 0, 115, 0, 106, 0, 104, 0, 80, 0, 55, 0, 75, 0, 76, 0, 157, 0, 166, 0, 191, 0, 199, 0, 217, 0, 172, 0, 149, 0, 135, 0, 125, 0, 132, 0, 120, 0, 93, 0, 68, 0, 67, 0, 74, 0, 74, 0, 51, 1, 64, 1, 251, 0, 137, 0, 112, 0, 108, 0, 109, 0, 107, 0, 110, 0, 119, 0, 117, 0, 102, 0, 93, 0, 76, 0, 56, 0, 66, 0, 161, 0, 169, 0, 140, 0, 126, 0, 108, 0, 108, 0, 101, 0, 108, 0, 115, 0, 113, 0, 94, 0, 104, 0, 101, 0, 96, 0, 95, 0, 93, 0, 176, 0, 145, 0, 138, 0, 148, 0, 160, 0, 163, 0, 159, 0, 139, 0, 121, 0, 100, 0, 74, 0, 97, 0, 97, 0, 94, 0, 95, 0, 94, 0, 139, 0, 126, 0, 126, 0, 126, 0, 137, 0, 152, 0, 169, 0, 202, 0, 203, 0, 135, 0, 105, 0, 100, 0, 98, 0, 99, 0, 99, 0, 100, 0, 127, 0, 124, 0, 145, 0, 158, 0, 163, 0, 190, 0, 207, 0, 169, 0, 124, 0, 109, 0, 112, 0, 109, 0, 106, 0, 105, 0, 101, 0, 99, 0, 0, 8, 0, 0, 0, 0, 0, 0, 2, 1, 0, 0, 0, 0, 0, 0, 0, 1, 0, 0, 0, 0, 0, 0, 0, 0, 0, 0, 0, 0, 0, 0, 2, 12, 98, 112, 108, 105, 115, 116, 48, 48, 212, 1, 2, 3, 4, 5, 6, 7, 8, 85, 102, 108, 97, 103, 115, 85, 118, 97, 108, 117, 101, 85, 101, 112, 111, 99, 104, 89, 116, 105, 109, 101, 115, 99, 97, 108, 101, 16, 1, 19, 0, 0, 116, 253, 177, 203, 208, 99, 16, 0, 18, 59, 154, 202, 0, 8, 17, 23, 29, 35, 45, 47, 56, 58, 0, 0, 0, 0, 0, 0, 1, 1, 0, 0, 0, 0, 0, 0, 0, 9, 0, 0, 0, 0, 0, 0, 0, 0, 0, 0, 0, 0, 0, 0, 0, 63, 255, 255, 249, 57, 0, 0, 6, 208, 0, 0, 0, 71, 0, 0, 130, 89, 255, 255, 253, 182, 0, 0, 54, 51, 0, 0, 0, 65, 0, 0, 1, 0, 0, 0, 0, 13, 0, 0, 0, 64"],"exif:BrightnessValue":["10076/1299"],"exif:thumbnail:Compression":["6"],"exif:thumbnail:YResolution":["72/1"],"exif:GPSInfo":["1788"],"exif:GPSAltitudeRef":["0"],"exif:FocalLengthIn35mmFilm":["145"],"exif:GPSImgDirectionRef":["T"],"exif:thumbnail:ResolutionUnit":["2"],"exif:GPSLatitude":["1/1, 14/1, 5458/100"],"exif:GPSDestBearing":["22147/139"],"exif:SensingMethod":["2"],"exif:thumbnail:InteroperabilityVersion":["48, 49, 48, 48"],"exif:GPSImgDirection":["47167/139"]},"software":["                               ","Apple","iPhone 6 Plus"],"ascii":{"exif:thumbnail:InteroperabilityVersion->ASCII":["0100"]},"date":["1983-07-20T00:00:00","2015-01-12T00:00:00","2015-01-12T16:07:32","2015:01:12"]},"filename":"KEN0100.jpg","mimetype":"image/jpeg","url":"kiwiblog.co.nz@@http://www.kiwiblog.co.nz/wp-content/uploads/2015/01/KEN0100.jpg"}